use Studentdb;
Delimiter $$
Create TRIGGER students_trigger
BEFORE INSERT ON students
FOR EACH ROW
BEGIN
	IF (NEW.Address is null) THEN
		/*UPDATE students s set s.address='Ruston';*/
		Set New.Address = 'Ruston';
	END IF;
END $$

DELIMITER ;

DROP TRIGGER students_trigger;


use employee_db;
create table employee(
	id int (10) not null,
    first_name char(25) not null,
    last_name char(25) not null,
    dept char(25) not null,
    primary key (id));


CREATE TABLE t_btree (
  i INT NOT NULL,
  s CHAR(10) NOT NULL,
  PRIMARY KEY(i)
) ENGINE=InnoDB;

INSERT INTO t_btree (i, s)
  VALUES (0, "A"), (1, "B"), (2, "C");
  
  
select *
from employee;

insert into employee (id, first_name, last_name, dept) values 
(152, 'COPELAND', 'BANKS', 'sales'),
(154, 'ROY', 'BARNES', 'sales'),
(156, 'PITTMAN', 'BARNETT', 'sales'),
(158, 'BRADY', 'BARRETT', 'sales'),
(160, 'MCCORMICK', 'BATES', 'sales'),
(162, 'HOLLOWAY', 'BECK', 'sales'),
(164, 'BROCK', 'BELL', 'sales'),
(166, 'POOLE', 'BENNETT', 'sales'),
(168, 'FRANK', 'BERRY', 'sales'),
(170, 'LOGAN', 'BISHOP', 'sales'),
(172, 'OWEN', 'BLACK', 'sales'),
(174, 'BASS', 'BOWMAN', 'sales'),
(176, 'MARSH', 'BOYD', 'sales'),
(178, 'DRAKE', 'BRADLEY', 'sales'),
(180, 'WONG', 'BREWER', 'sales'),
(182, 'JEFFERSON', 'BROOKS', 'sales'),
(184, 'PARK', 'BROWN', 'sales'),
(186, 'MORTON', 'BRYANT', 'sales'),
(188, 'ABBOTT', 'BURKE', 'sales'),
(190, 'SPARKS', 'BURNS', 'sales'),
(192, 'PATRICK', 'BURTON', 'sales'),
(194, 'NORTON', 'BUTLER', 'sales'),
(196, 'HUFF', 'BYRD', 'sales'),
(198, 'CLAYTON', 'CALDWELL', 'sales'),
(200, 'MASSEY', 'CAMPBELL', 'sales'),
(202, 'LLOYD', 'CARLSON', 'sales'),
(204, 'FIGUEROA', 'CARPENTER', 'sales'),
(206, 'CARSON', 'CARR', 'sales'),
(208, 'BOWERS', 'CARROLL', 'sales'),
(210, 'ROBERSON', 'CARTER', 'sales'),
(212, 'BARTON', 'CASTILLO', 'sales'),
(214, 'TRAN', 'CASTRO', 'sales'),
(216, 'LAMB', 'CHAMBERS', 'sales'),
(218, 'HARRINGTON', 'CHAPMAN', 'sales'),
(220, 'CASEY', 'CHAVEZ', 'sales'),
(222, 'BOONE', 'CLARK', 'sales'),
(224, 'CORTEZ', 'COLE', 'sales'),
(226, 'CLARKE', 'COLEMAN', 'sales'),
(228, 'MATHIS', 'COLLINS', 'sales'),
(230, 'SINGLETON', 'COOK', 'sales'),
(232, 'WILKINS', 'COOPER', 'sales'),
(234, 'CAIN', 'COX', 'sales'),
(236, 'BRYAN', 'CRAIG', 'sales'),
(238, 'UNDERWOOD', 'CRAWFORD', 'sales'),
(240, 'HOGAN', 'CRUZ', 'sales'),
(242, 'MCKENZIE', 'CUNNINGHAM', 'sales'),
(244, 'COLLIER', 'CURTIS', 'sales'),
(246, 'LUNA', 'DANIELS', 'sales'),
(248, 'PHELPS', 'DAVIDSON', 'sales'),
(250, 'MCGUIRE', 'DAVIS', 'sales');

create database employee_db;

drop database employee_db;

drop table if exists `employee`;
drop table if exists `department`;

create table `department` (
	dept varchar(25) primary key,
	description varchar(255) not null
);
 
create table `employee` (
	id int(10) not null primary key, 
	first_name varchar(25) not null,
	last_name varchar(25) not null,
	dept varchar(25) not null,
	foreign key (dept) references department(dept)
);




insert into `department`(dept, description) values 
	('engr', 'Engineering Department'),
	('sales', 'Sales Department');

insert into `employee`(id, first_name, last_name, dept) values
	(1, 'SMITH', 'NGUYEN', 'engr'),
	(3, 'JOHNSON', 'GEORGE', 'engr'),
	(5, 'WILLIAMS', 'JACOBS', 'engr'),
	(7, 'JONES', 'REID', 'engr'),
	(9, 'BROWN', 'KIM', 'engr'),
	(11, 'DAVIS', 'FULLER', 'engr'),
	(13, 'MILLER', 'LYNCH', 'engr'),
	(15, 'WILSON', 'DEAN', 'engr'),
	(17, 'MOORE', 'GILBERT', 'engr'),
	(19, 'TAYLOR', 'GARRETT', 'engr'),
	(21, 'ANDERSON', 'ROMERO', 'engr'),
	(23, 'THOMAS', 'WELCH', 'engr'),
	(25, 'JACKSON', 'LARSON', 'engr'),
	(27, 'WHITE', 'FRAZIER', 'engr'),
	(29, 'HARRIS', 'BURKE', 'engr'),
	(31, 'MARTIN', 'HANSON', 'engr'),
	(33, 'THOMPSON', 'DAY', 'engr'),
	(35, 'GARCIA', 'MENDOZA', 'engr'),
	(37, 'MARTINEZ', 'MORENO', 'engr'),
	(39, 'ROBINSON', 'BOWMAN', 'engr'),
	(41, 'CLARK', 'MEDINA', 'engr'),
	(43, 'RODRIGUEZ', 'FOWLER', 'engr'),
	(45, 'LEWIS', 'BREWER', 'engr'),
	(47, 'LEE', 'HOFFMAN', 'engr'),
	(49, 'WALKER', 'CARLSON', 'engr'),
	(51, 'HALL', 'SILVA', 'engr'),
	(53, 'ALLEN', 'PEARSON', 'engr'),
	(55, 'YOUNG', 'HOLLAND', 'engr'),
	(57, 'HERNANDEZ', 'DOUGLAS', 'engr'),
	(59, 'KING', 'FLEMING', 'engr'),
	(61, 'WRIGHT', 'JENSEN', 'engr'),
	(63, 'LOPEZ', 'VARGAS', 'engr'),
	(65, 'HILL', 'BYRD', 'engr'),
	(67, 'SCOTT', 'DAVIDSON', 'engr'),
	(69, 'GREEN', 'HOPKINS', 'engr'),
	(71, 'ADAMS', 'MAY', 'engr'),
	(73, 'BAKER', 'TERRY', 'engr'),
	(75, 'GONZALEZ', 'HERRERA', 'engr'),
	(77, 'NELSON', 'WADE', 'engr'),
	(79, 'CARTER', 'SOTO', 'engr'),
	(81, 'MITCHELL', 'WALTERS', 'engr'),
	(83, 'PEREZ', 'CURTIS', 'engr'),
	(85, 'ROBERTS', 'NEAL', 'engr'),
	(87, 'TURNER', 'CALDWELL', 'engr'),
	(89, 'PHILLIPS', 'LOWE', 'engr'),
	(91, 'CAMPBELL', 'JENNINGS', 'engr'),
	(93, 'PARKER', 'BARNETT', 'engr'),
	(95, 'EVANS', 'GRAVES', 'engr'),
	(97, 'EDWARDS', 'JIMENEZ', 'engr'),
	(99, 'COLLINS', 'HORTON', 'engr'),
	(101, 'STEWART', 'SHELTON', 'engr'),
	(103, 'SANCHEZ', 'BARRETT', 'engr'),
	(105, 'MORRIS', 'OBRIEN', 'engr'),
	(107, 'ROGERS', 'CASTRO', 'engr'),
	(109, 'REED', 'SUTTON', 'engr'),
	(111, 'COOK', 'GREGORY', 'engr'),
	(113, 'MORGAN', 'MCKINNEY', 'engr'),
	(115, 'BELL', 'LUCAS', 'engr'),
	(117, 'MURPHY', 'MILES', 'engr'),
	(119, 'BAILEY', 'CRAIG', 'engr'),
	(121, 'RIVERA', 'RODRIQUEZ', 'engr'),
	(123, 'COOPER', 'CHAMBERS', 'engr'),
	(125, 'RICHARDSON', 'HOLT', 'engr'),
	(127, 'COX', 'LAMBERT', 'engr'),
	(129, 'HOWARD', 'FLETCHER', 'engr'),
	(131, 'WARD', 'WATTS', 'engr'),
	(133, 'TORRES', 'BATES', 'engr'),
	(135, 'PETERSON', 'HALE', 'engr'),
	(137, 'GRAY', 'RHODES', 'engr'),
	(139, 'RAMIREZ', 'PENA', 'engr'),
	(141, 'JAMES', 'BECK', 'engr'),
	(143, 'WATSON', 'NEWMAN', 'engr'),
	(145, 'BROOKS', 'HAYNES', 'engr'),
	(147, 'KELLY', 'MCDANIEL', 'engr'),
	(149, 'SANDERS', 'MENDEZ', 'engr'),
	(151, 'PRICE', 'BUSH', 'engr'),
	(153, 'BENNETT', 'VAUGHN', 'engr'),
	(155, 'WOOD', 'PARKS', 'engr'),
	(157, 'BARNES', 'DAWSON', 'engr'),
	(159, 'ROSS', 'SANTIAGO', 'engr'),
	(161, 'HENDERSON', 'NORRIS', 'engr'),
	(163, 'COLEMAN', 'HARDY', 'engr'),
	(165, 'JENKINS', 'LOVE', 'engr'),
	(167, 'PERRY', 'STEELE', 'engr'),
	(169, 'POWELL', 'CURRY', 'engr'),
	(171, 'LONG', 'POWERS', 'engr'),
	(173, 'PATTERSON', 'SCHULTZ', 'engr'),
	(175, 'HUGHES', 'BARKER', 'engr'),
	(177, 'FLORES', 'GUZMAN', 'engr'),
	(179, 'WASHINGTON', 'PAGE', 'engr'),
	(181, 'BUTLER', 'MUNOZ', 'engr'),
	(183, 'SIMMONS', 'BALL', 'engr'),
	(185, 'FOSTER', 'KELLER', 'engr'),
	(187, 'GONZALES', 'CHANDLER', 'engr'),
	(189, 'BRYANT', 'WEBER', 'engr'),
	(191, 'ALEXANDER', 'LEONARD', 'engr'),
	(193, 'RUSSELL', 'WALSH', 'engr'),
	(195, 'GRIFFIN', 'LYONS', 'engr'),
	(197, 'DIAZ', 'RAMSEY', 'engr'),
	(199, 'HAYES', 'WOLFE', 'engr'),
	(201, 'MYERS', 'SCHNEIDER', 'engr'),
	(203, 'FORD', 'MULLINS', 'engr'),
	(205, 'HAMILTON', 'BENSON', 'engr'),
	(207, 'GRAHAM', 'SHARP', 'engr'),
	(209, 'SULLIVAN', 'BOWEN', 'engr'),
	(211, 'WALLACE', 'DANIEL', 'engr'),
	(213, 'WOODS', 'BARBER', 'engr'),
	(215, 'COLE', 'CUMMINGS', 'engr'),
	(217, 'WEST', 'HINES', 'engr'),
	(219, 'JORDAN', 'BALDWIN', 'engr'),
	(221, 'OWENS', 'GRIFFITH', 'engr'),
	(223, 'REYNOLDS', 'VALDEZ', 'engr'),
	(225, 'FISHER', 'HUBBARD', 'engr'),
	(227, 'ELLIS', 'SALAZAR', 'engr'),
	(229, 'HARRISON', 'REEVES', 'engr'),
	(231, 'GIBSON', 'WARNER', 'engr'),
	(233, 'MCDONALD', 'STEVENSON', 'engr'),
	(235, 'CRUZ', 'BURGESS', 'engr'),
	(237, 'MARSHALL', 'SANTOS', 'engr'),
	(239, 'ORTIZ', 'TATE', 'engr'),
	(241, 'GOMEZ', 'CROSS', 'engr'),
	(243, 'MURRAY', 'GARNER', 'engr'),
	(245, 'FREEMAN', 'MANN', 'engr'),
	(247, 'WELLS', 'MACK', 'engr'),
	(249, 'WEBB', 'MOSS', 'engr'),
	(251, 'SIMPSON', 'THORNTON', 'engr'),
	(253, 'STEVENS', 'DENNIS', 'engr'),
	(255, 'TUCKER', 'MCGEE', 'engr'),
	(257, 'PORTER', 'FARMER', 'engr'),
	(259, 'HUNTER', 'DELGADO', 'engr'),
	(261, 'HICKS', 'AGUILAR', 'engr'),
	(263, 'CRAWFORD', 'VEGA', 'engr'),
	(265, 'HENRY', 'GLOVER', 'engr'),
	(267, 'BOYD', 'MANNING', 'engr'),
	(269, 'MASON', 'COHEN', 'engr'),
	(271, 'MORALES', 'HARMON', 'engr'),
	(273, 'KENNEDY', 'RODGERS', 'engr'),
	(275, 'WARREN', 'ROBBINS', 'engr'),
	(277, 'DIXON', 'NEWTON', 'engr'),
	(279, 'RAMOS', 'TODD', 'engr'),
	(281, 'REYES', 'BLAIR', 'engr'),
	(283, 'BURNS', 'HIGGINS', 'engr'),
	(285, 'GORDON', 'INGRAM', 'engr'),
	(287, 'SHAW', 'REESE', 'engr'),
	(289, 'HOLMES', 'CANNON', 'engr'),
	(291, 'RICE', 'STRICKLAND', 'engr'),
	(293, 'ROBERTSON', 'TOWNSEND', 'engr'),
	(295, 'HUNT', 'POTTER', 'engr'),
	(297, 'BLACK', 'GOODWIN', 'engr'),
	(299, 'DANIELS', 'WALTON', 'engr'),
	(301, 'PALMER', 'ROWE', 'engr'),
	(303, 'MILLS', 'HAMPTON', 'engr'),
	(305, 'NICHOLS', 'ORTEGA', 'engr'),
	(307, 'GRANT', 'PATTON', 'engr'),
	(309, 'KNIGHT', 'SWANSON', 'engr'),
	(311, 'FERGUSON', 'JOSEPH', 'engr'),
	(313, 'ROSE', 'FRANCIS', 'engr'),
	(315, 'STONE', 'GOODMAN', 'engr'),
	(317, 'HAWKINS', 'MALDONADO', 'engr'),
	(319, 'DUNN', 'YATES', 'engr'),
	(321, 'PERKINS', 'BECKER', 'engr'),
	(323, 'HUDSON', 'ERICKSON', 'engr'),
	(325, 'SPENCER', 'HODGES', 'engr'),
	(327, 'GARDNER', 'RIOS', 'engr'),
	(329, 'STEPHENS', 'CONNER', 'engr'),
	(331, 'PAYNE', 'ADKINS', 'engr'),
	(333, 'PIERCE', 'WEBSTER', 'engr'),
	(335, 'BERRY', 'NORMAN', 'engr'),
	(337, 'MATTHEWS', 'MALONE', 'engr'),
	(339, 'ARNOLD', 'HAMMOND', 'engr'),
	(341, 'WAGNER', 'FLOWERS', 'engr'),
	(343, 'WILLIS', 'COBB', 'engr'),
	(345, 'RAY', 'MOODY', 'engr'),
	(347, 'WATKINS', 'QUINN', 'engr'),
	(349, 'OLSON', 'BLAKE', 'engr'),
	(351, 'CARROLL', 'MAXWELL', 'engr'),
	(353, 'DUNCAN', 'POPE', 'engr'),
	(355, 'SNYDER', 'FLOYD', 'engr'),
	(357, 'HART', 'OSBORNE', 'engr'),
	(359, 'CUNNINGHAM', 'PAUL', 'engr'),
	(361, 'BRADLEY', 'MCCARTHY', 'engr'),
	(363, 'LANE', 'GUERRERO', 'engr'),
	(365, 'ANDREWS', 'LINDSEY', 'engr'),
	(367, 'RUIZ', 'ESTRADA', 'engr'),
	(369, 'HARPER', 'SANDOVAL', 'engr'),
	(371, 'FOX', 'GIBBS', 'engr'),
	(373, 'RILEY', 'TYLER', 'engr'),
	(375, 'ARMSTRONG', 'GROSS', 'engr'),
	(377, 'CARPENTER', 'FITZGERALD', 'engr'),
	(379, 'WEAVER', 'STOKES', 'engr'),
	(381, 'GREENE', 'DOYLE', 'engr'),
	(383, 'LAWRENCE', 'SHERMAN', 'engr'),
	(385, 'ELLIOTT', 'SAUNDERS', 'engr'),
	(387, 'CHAVEZ', 'WISE', 'engr'),
	(389, 'SIMS', 'COLON', 'engr'),
	(391, 'AUSTIN', 'GILL', 'engr'),
	(393, 'PETERS', 'ALVARADO', 'engr'),
	(395, 'KELLEY', 'GREER', 'engr'),
	(397, 'FRANKLIN', 'PADILLA', 'engr'),
	(399, 'LAWSON', 'SIMON', 'engr'),
	(401, 'FIELDS', 'WATERS', 'engr'),
	(403, 'GUTIERREZ', 'NUNEZ', 'engr'),
	(405, 'RYAN', 'BALLARD', 'engr'),
	(407, 'SCHMIDT', 'SCHWARTZ', 'engr'),
	(409, 'CARR', 'MCBRIDE', 'engr'),
	(411, 'VASQUEZ', 'GARRETT', 'engr'),
	(413, 'CASTILLO', 'ROMERO', 'engr'),
	(415, 'WHEELER', 'WELCH', 'engr'),
	(417, 'CHAPMAN', 'LARSON', 'engr'),
	(419, 'OLIVER', 'FRAZIER', 'engr'),
	(421, 'MONTGOMERY', 'BURKE', 'engr'),
	(423, 'RICHARDS', 'HANSON', 'engr'),
	(425, 'WILLIAMSON', 'DAY', 'engr'),
	(427, 'JOHNSTON', 'MENDOZA', 'engr'),
	(429, 'BANKS', 'MORENO', 'engr'),
	(431, 'MEYER', 'BOWMAN', 'engr'),
	(433, 'BISHOP', 'MEDINA', 'engr'),
	(435, 'MCCOY', 'FOWLER', 'engr'),
	(437, 'HOWELL', 'BREWER', 'engr'),
	(439, 'ALVAREZ', 'HOFFMAN', 'engr'),
	(441, 'MORRISON', 'CARLSON', 'engr'),
	(443, 'HANSEN', 'SILVA', 'engr'),
	(445, 'FERNANDEZ', 'PEARSON', 'engr'),
	(447, 'GARZA', 'HOLLAND', 'engr'),
	(449, 'HARVEY', 'DOUGLAS', 'engr'),
	(451, 'LITTLE', 'FLEMING', 'engr'),
	(453, 'BURTON', 'TYLER', 'engr'),
	(455, 'STANLEY', 'GROSS', 'engr'),
	(457, 'CASTILLO', 'FITZGERALD', 'engr'),
	(459, 'WHEELER', 'STOKES', 'engr'),
	(461, 'ADAMS', 'YATES', 'sales'),
	(463, 'ALEXANDER', 'WOLFE', 'sales'),
	(465, 'ALLEN', 'WISE', 'sales'),
	(467, 'ALVAREZ', 'WELCH', 'sales'),
	(469, 'ANDERSON', 'WELCH', 'sales'),
	(471, 'ANDREWS', 'WEBSTER', 'sales'),
	(473, 'ARMSTRONG', 'WEBER', 'sales'),
	(475, 'ARNOLD', 'WATTS', 'sales'),
	(477, 'AUSTIN', 'WATERS', 'sales'),
	(479, 'BAILEY', 'WARNER', 'sales'),
	(481, 'BAKER', 'WALTON', 'sales'),
	(483, 'BANKS', 'WALTERS', 'sales'),
	(485, 'BARNES', 'WALSH', 'sales'),
	(487, 'BELL', 'WADE', 'sales'),
	(489, 'BENNETT', 'VEGA', 'sales'),
	(491, 'BERRY', 'VAUGHN', 'sales'),
	(493, 'BISHOP', 'VARGAS', 'sales'),
	(495, 'BLACK', 'VALDEZ', 'sales'),
	(497, 'BOYD', 'TYLER', 'sales'),
	(499, 'BRADLEY', 'TYLER', 'sales'),
	(501, 'BROOKS', 'TOWNSEND', 'sales'),
	(503, 'BROWN', 'TODD', 'sales'),
	(505, 'BRYANT', 'THORNTON', 'sales'),
	(507, 'BURNS', 'TERRY', 'sales'),
	(509, 'BURTON', 'TATE', 'sales'),
	(511, 'BUTLER', 'SWANSON', 'sales'),
	(513, 'CAMPBELL', 'SUTTON', 'sales'),
	(515, 'CARPENTER', 'STRICKLAND', 'sales'),
	(517, 'CARR', 'STOKES', 'sales'),
	(519, 'CARROLL', 'STOKES', 'sales'),
	(521, 'CARTER', 'STEVENSON', 'sales'),
	(523, 'CASTILLO', 'STEELE', 'sales'),
	(525, 'CASTILLO', 'SOTO', 'sales'),
	(527, 'CHAPMAN', 'SIMON', 'sales'),
	(529, 'CHAVEZ', 'SILVA', 'sales'),
	(531, 'CLARK', 'SILVA', 'sales'),
	(533, 'COLE', 'SHERMAN', 'sales'),
	(535, 'COLEMAN', 'SHELTON', 'sales'),
	(537, 'COLLINS', 'SHARP', 'sales'),
	(539, 'COOK', 'SCHWARTZ', 'sales'),
	(541, 'COOPER', 'SCHULTZ', 'sales'),
	(543, 'COX', 'SCHNEIDER', 'sales'),
	(545, 'CRAWFORD', 'SAUNDERS', 'sales'),
	(547, 'CRUZ', 'SANTOS', 'sales'),
	(549, 'CUNNINGHAM', 'SANTIAGO', 'sales'),
	(551, 'DANIELS', 'SANDOVAL', 'sales'),
	(553, 'DAVIS', 'SALAZAR', 'sales'),
	(555, 'DIAZ', 'ROWE', 'sales'),
	(557, 'DIXON', 'ROMERO', 'sales'),
	(559, 'DUNCAN', 'ROMERO', 'sales'),
	(561, 'DUNN', 'RODRIQUEZ', 'sales'),
	(563, 'EDWARDS', 'RODGERS', 'sales'),
	(565, 'ELLIOTT', 'ROBBINS', 'sales'),
	(567, 'ELLIS', 'RIOS', 'sales'),
	(569, 'EVANS', 'RHODES', 'sales'),
	(571, 'FERGUSON', 'REID', 'sales'),
	(573, 'FERNANDEZ', 'REEVES', 'sales'),
	(575, 'FIELDS', 'REESE', 'sales'),
	(577, 'FISHER', 'RAMSEY', 'sales'),
	(579, 'FLORES', 'QUINN', 'sales'),
	(581, 'FORD', 'POWERS', 'sales'),
	(583, 'FOSTER', 'POTTER', 'sales'),
	(585, 'FOX', 'POPE', 'sales'),
	(587, 'FRANKLIN', 'PENA', 'sales'),
	(589, 'FREEMAN', 'PEARSON', 'sales'),
	(591, 'GARCIA', 'PEARSON', 'sales'),
	(593, 'GARDNER', 'PAUL', 'sales'),
	(595, 'GARZA', 'PATTON', 'sales'),
	(597, 'GIBSON', 'PARKS', 'sales'),
	(599, 'GOMEZ', 'PAGE', 'sales'),
	(601, 'GONZALES', 'PADILLA', 'sales'),
	(603, 'GONZALEZ', 'OSBORNE', 'sales'),
	(605, 'GORDON', 'ORTEGA', 'sales'),
	(607, 'GRAHAM', 'OBRIEN', 'sales'),
	(609, 'GRANT', 'NUNEZ', 'sales'),
	(611, 'GRAY', 'NORRIS', 'sales'),
	(613, 'GREEN', 'NORMAN', 'sales'),
	(615, 'GREENE', 'NGUYEN', 'sales'),
	(617, 'GRIFFIN', 'NEWTON', 'sales'),
	(619, 'GUTIERREZ', 'NEWMAN', 'sales'),
	(621, 'HALL', 'NEAL', 'sales'),
	(623, 'HAMILTON', 'MUNOZ', 'sales'),
	(625, 'HANSEN', 'MULLINS', 'sales'),
	(627, 'HARPER', 'MOSS', 'sales'),
	(629, 'HARRIS', 'MORENO', 'sales'),
	(631, 'HARRISON', 'MORENO', 'sales'),
	(633, 'HART', 'MOODY', 'sales'),
	(635, 'HARVEY', 'MILES', 'sales'),
	(637, 'HAWKINS', 'MENDOZA', 'sales'),
	(639, 'HAYES', 'MENDOZA', 'sales'),
	(641, 'HENDERSON', 'MENDEZ', 'sales'),
	(643, 'HENRY', 'MEDINA', 'sales'),
	(645, 'HERNANDEZ', 'MEDINA', 'sales'),
	(647, 'HICKS', 'MCKINNEY', 'sales'),
	(649, 'HILL', 'MCGEE', 'sales'),
	(651, 'HOLMES', 'MCDANIEL', 'sales'),
	(653, 'HOWARD', 'MCCARTHY', 'sales'),
	(655, 'HOWELL', 'MCBRIDE', 'sales'),
	(657, 'HUDSON', 'MAY', 'sales'),
	(659, 'HUGHES', 'MAXWELL', 'sales'),
	(661, 'HUNT', 'MANNING', 'sales'),
	(663, 'HUNTER', 'MANN', 'sales'),
	(665, 'JACKSON', 'MALONE', 'sales'),
	(667, 'JAMES', 'MALDONADO', 'sales'),
	(669, 'JENKINS', 'MACK', 'sales'),
	(671, 'JOHNSON', 'LYONS', 'sales'),
	(673, 'JOHNSTON', 'LYNCH', 'sales'),
	(675, 'JONES', 'LUCAS', 'sales'),
	(677, 'JORDAN', 'LOWE', 'sales'),
	(679, 'KELLEY', 'LOVE', 'sales'),
	(681, 'KELLY', 'LINDSEY', 'sales'),
	(683, 'KENNEDY', 'LEONARD', 'sales'),
	(685, 'KING', 'LARSON', 'sales'),
	(687, 'KNIGHT', 'LARSON', 'sales'),
	(689, 'LANE', 'LAMBERT', 'sales'),
	(691, 'LAWRENCE', 'KIM', 'sales'),
	(693, 'LAWSON', 'KELLER', 'sales'),
	(695, 'LEE', 'JOSEPH', 'sales'),
	(697, 'LEWIS', 'JIMENEZ', 'sales'),
	(699, 'LITTLE', 'JENSEN', 'sales'),
	(701, 'LONG', 'JENNINGS', 'sales'),
	(703, 'LOPEZ', 'JACOBS', 'sales'),
	(705, 'MARSHALL', 'INGRAM', 'sales'),
	(707, 'MARTIN', 'HUBBARD', 'sales'),
	(709, 'MARTINEZ', 'HORTON', 'sales'),
	(711, 'MASON', 'HOPKINS', 'sales'),
	(713, 'MATTHEWS', 'HOLT', 'sales'),
	(715, 'MCCOY', 'HOLLAND', 'sales'),
	(717, 'MCDONALD', 'HOLLAND', 'sales'),
	(719, 'MEYER', 'HOFFMAN', 'sales'),
	(721, 'MILLER', 'HOFFMAN', 'sales'),
	(723, 'MILLS', 'HODGES', 'sales'),
	(725, 'MITCHELL', 'HINES', 'sales'),
	(727, 'MONTGOMERY', 'HIGGINS', 'sales'),
	(729, 'MOORE', 'HERRERA', 'sales'),
	(731, 'MORALES', 'HAYNES', 'sales'),
	(733, 'MORGAN', 'HARMON', 'sales'),
	(735, 'MORRIS', 'HARDY', 'sales'),
	(737, 'MORRISON', 'HANSON', 'sales'),
	(739, 'MURPHY', 'HANSON', 'sales'),
	(741, 'MURRAY', 'HAMPTON', 'sales'),
	(743, 'MYERS', 'HAMMOND', 'sales'),
	(745, 'NELSON', 'HALE', 'sales'),
	(747, 'NICHOLS', 'GUZMAN', 'sales'),
	(749, 'OLIVER', 'GUERRERO', 'sales'),
	(751, 'OLSON', 'GROSS', 'sales'),
	(753, 'ORTIZ', 'GROSS', 'sales'),
	(755, 'OWENS', 'GRIFFITH', 'sales'),
	(757, 'PALMER', 'GREGORY', 'sales'),
	(759, 'PARKER', 'GREER', 'sales'),
	(761, 'PATTERSON', 'GRAVES', 'sales'),
	(763, 'PAYNE', 'GOODWIN', 'sales'),
	(765, 'PEREZ', 'GOODMAN', 'sales'),
	(767, 'PERKINS', 'GLOVER', 'sales'),
	(769, 'PERRY', 'GILL', 'sales'),
	(771, 'PETERS', 'GILBERT', 'sales'),
	(773, 'PETERSON', 'GIBBS', 'sales'),
	(775, 'PHILLIPS', 'GEORGE', 'sales'),
	(777, 'PIERCE', 'GARRETT', 'sales'),
	(779, 'PORTER', 'GARRETT', 'sales'),
	(781, 'POWELL', 'GARNER', 'sales'),
	(783, 'PRICE', 'FULLER', 'sales'),
	(785, 'RAMIREZ', 'FRAZIER', 'sales'),
	(787, 'RAMOS', 'FRAZIER', 'sales'),
	(789, 'RAY', 'FRANCIS', 'sales'),
	(791, 'REED', 'FOWLER', 'sales'),
	(793, 'REYES', 'FOWLER', 'sales'),
	(795, 'REYNOLDS', 'FLOYD', 'sales'),
	(797, 'RICE', 'FLOWERS', 'sales'),
	(799, 'RICHARDS', 'FLETCHER', 'sales'),
	(801, 'RICHARDSON', 'FLEMING', 'sales'),
	(803, 'RILEY', 'FLEMING', 'sales'),
	(805, 'RIVERA', 'FITZGERALD', 'sales'),
	(807, 'ROBERTS', 'FITZGERALD', 'sales'),
	(809, 'ROBERTSON', 'FARMER', 'sales'),
	(811, 'ROBINSON', 'ESTRADA', 'sales'),
	(813, 'RODRIGUEZ', 'ERICKSON', 'sales'),
	(815, 'ROGERS', 'DOYLE', 'sales'),
	(817, 'ROSE', 'DOUGLAS', 'sales'),
	(819, 'ROSS', 'DOUGLAS', 'sales'),
	(821, 'RUIZ', 'DENNIS', 'sales'),
	(823, 'RUSSELL', 'DELGADO', 'sales'),
	(825, 'RYAN', 'DEAN', 'sales'),
	(827, 'SANCHEZ', 'DAY', 'sales'),
	(829, 'SANDERS', 'DAY', 'sales'),
	(831, 'SCHMIDT', 'DAWSON', 'sales'),
	(833, 'SCOTT', 'DAVIDSON', 'sales'),
	(835, 'SHAW', 'DANIEL', 'sales'),
	(837, 'SIMMONS', 'CURTIS', 'sales'),
	(839, 'SIMPSON', 'CURRY', 'sales'),
	(841, 'SIMS', 'CUMMINGS', 'sales'),
	(843, 'SMITH', 'CROSS', 'sales'),
	(845, 'SNYDER', 'CRAIG', 'sales'),
	(847, 'SPENCER', 'CONNER', 'sales'),
	(849, 'STANLEY', 'COLON', 'sales'),
	(851, 'STEPHENS', 'COHEN', 'sales'),
	(853, 'STEVENS', 'COBB', 'sales'),
	(855, 'STEWART', 'CHANDLER', 'sales'),
	(857, 'STONE', 'CHAMBERS', 'sales'),
	(859, 'SULLIVAN', 'CASTRO', 'sales'),
	(861, 'TAYLOR', 'CARLSON', 'sales'),
	(863, 'THOMAS', 'CARLSON', 'sales'),
	(865, 'THOMPSON', 'CANNON', 'sales'),
	(867, 'TORRES', 'CALDWELL', 'sales'),
	(869, 'TUCKER', 'BYRD', 'sales'),
	(871, 'TURNER', 'BUSH', 'sales'),
	(873, 'VASQUEZ', 'BURKE', 'sales'),
	(875, 'WAGNER', 'BURKE', 'sales'),
	(877, 'WALKER', 'BURGESS', 'sales'),
	(879, 'WALLACE', 'BREWER', 'sales'),
	(881, 'WARD', 'BREWER', 'sales'),
	(883, 'WARREN', 'BOWMAN', 'sales'),
	(885, 'WASHINGTON', 'BOWMAN', 'sales'),
	(887, 'WATKINS', 'BOWEN', 'sales'),
	(889, 'WATSON', 'BLAKE', 'sales'),
	(891, 'WEAVER', 'BLAIR', 'sales'),
	(893, 'WEBB', 'BENSON', 'sales'),
	(895, 'WELLS', 'BECKER', 'sales'),
	(897, 'WEST', 'BECK', 'sales'),
	(899, 'WHEELER', 'BATES', 'sales'),
	(901, 'WHEELER', 'BARRETT', 'sales'),
	(903, 'WHITE', 'BARNETT', 'sales'),
	(905, 'WILLIAMS', 'BARKER', 'sales'),
	(907, 'WILLIAMSON', 'BARBER', 'sales'),
	(909, 'WILLIS', 'BALLARD', 'sales'),
	(911, 'WILSON', 'BALL', 'sales'),
	(913, 'WOOD', 'BALDWIN', 'sales'),
	(915, 'WOODS', 'ALVARADO', 'sales'),
	(917, 'WRIGHT', 'AGUILAR', 'sales'),
	(919, 'YOUNG', 'ADKINS', 'sales'),
	(921, 'ADAMS', 'ADKINS', 'sales'),
	(923, 'ALEXANDER', 'AGUILAR', 'sales'),
	(925, 'ALLEN', 'ALVARADO', 'sales'),
	(927, 'ALVAREZ', 'BALDWIN', 'sales'),
	(929, 'ANDERSON', 'BALL', 'sales'),
	(931, 'ANDREWS', 'BALLARD', 'sales'),
	(933, 'ARMSTRONG', 'BARBER', 'sales'),
	(935, 'ARNOLD', 'BARKER', 'sales'),
	(937, 'AUSTIN', 'BARNETT', 'sales'),
	(939, 'BAILEY', 'BARRETT', 'sales'),
	(941, 'BAKER', 'BATES', 'sales'),
	(943, 'BANKS', 'BECK', 'sales'),
	(945, 'BARNES', 'BECKER', 'sales'),
	(947, 'BELL', 'BENSON', 'sales'),
	(949, 'BENNETT', 'BLAIR', 'sales'),
	(951, 'BERRY', 'BLAKE', 'sales'),
	(953, 'BISHOP', 'BOWEN', 'sales'),
	(955, 'BLACK', 'BOWMAN', 'sales'),
	(957, 'BOYD', 'BOWMAN', 'sales'),
	(959, 'BRADLEY', 'BREWER', 'sales'),
	(961, 'BROOKS', 'BREWER', 'sales'),
	(963, 'BROWN', 'BURGESS', 'sales'),
	(965, 'BRYANT', 'BURKE', 'sales'),
	(967, 'BURNS', 'BURKE', 'sales'),
	(969, 'BURTON', 'BUSH', 'sales'),
	(971, 'BUTLER', 'BYRD', 'sales'),
	(973, 'CAMPBELL', 'CALDWELL', 'sales'),
	(975, 'CARPENTER', 'CANNON', 'sales'),
	(977, 'CARR', 'CARLSON', 'sales'),
	(979, 'CARROLL', 'CARLSON', 'sales'),
	(981, 'CARTER', 'CASTRO', 'sales'),
	(983, 'CASTILLO', 'CHAMBERS', 'sales'),
	(985, 'CASTILLO', 'CHANDLER', 'sales'),
	(987, 'CHAPMAN', 'COBB', 'sales'),
	(989, 'CHAVEZ', 'COHEN', 'sales'),
	(991, 'CLARK', 'COLON', 'sales'),
	(993, 'COLE', 'CONNER', 'sales'),
	(995, 'COLEMAN', 'CRAIG', 'sales'),
	(997, 'COLLINS', 'CROSS', 'sales'),
	(999, 'COOK', 'CUMMINGS', 'sales'),
	(1001, 'COOPER', 'CURRY', 'sales'),
	(1003, 'COX', 'CURTIS', 'sales'),
	(1005, 'CRAWFORD', 'DANIEL', 'sales'),
	(1007, 'CRUZ', 'DAVIDSON', 'sales'),
	(1009, 'CUNNINGHAM', 'DAWSON', 'sales'),
	(1011, 'DANIELS', 'DAY', 'sales'),
	(1013, 'DAVIS', 'DAY', 'sales'),
	(1015, 'DIAZ', 'DEAN', 'sales'),
	(1017, 'DIXON', 'DELGADO', 'sales'),
	(1019, 'DUNCAN', 'DENNIS', 'sales'),
	(1021, 'DUNN', 'DOUGLAS', 'sales'),
	(1023, 'EDWARDS', 'DOUGLAS', 'sales'),
	(1025, 'ELLIOTT', 'DOYLE', 'sales'),
	(1027, 'ELLIS', 'ERICKSON', 'sales'),
	(1029, 'EVANS', 'ESTRADA', 'sales'),
	(1031, 'FERGUSON', 'FARMER', 'sales'),
	(1033, 'FERNANDEZ', 'FITZGERALD', 'sales'),
	(1035, 'FIELDS', 'FITZGERALD', 'sales'),
	(1037, 'FISHER', 'FLEMING', 'sales'),
	(1039, 'FLORES', 'FLEMING', 'sales'),
	(1041, 'FORD', 'FLETCHER', 'sales'),
	(1043, 'FOSTER', 'FLOWERS', 'sales'),
	(1045, 'FOX', 'FLOYD', 'sales'),
	(1047, 'FRANKLIN', 'FOWLER', 'sales'),
	(1049, 'FREEMAN', 'FOWLER', 'sales'),
	(1051, 'GARCIA', 'FRANCIS', 'sales'),
	(1053, 'GARDNER', 'FRAZIER', 'sales'),
	(1055, 'GARZA', 'FRAZIER', 'sales'),
	(1057, 'GIBSON', 'FULLER', 'sales'),
	(1059, 'GOMEZ', 'GARNER', 'sales'),
	(1061, 'GONZALES', 'GARRETT', 'sales'),
	(1063, 'GONZALEZ', 'GARRETT', 'sales'),
	(1065, 'GORDON', 'GEORGE', 'sales'),
	(1067, 'GRAHAM', 'GIBBS', 'sales'),
	(1069, 'GRANT', 'GILBERT', 'sales'),
	(1071, 'GRAY', 'GILL', 'sales'),
	(1073, 'GREEN', 'GLOVER', 'sales'),
	(1075, 'GREENE', 'GOODMAN', 'sales'),
	(1077, 'GRIFFIN', 'GOODWIN', 'sales'),
	(1079, 'GUTIERREZ', 'GRAVES', 'sales'),
	(1081, 'HALL', 'GREER', 'sales'),
	(1083, 'HAMILTON', 'GREGORY', 'sales'),
	(1085, 'HANSEN', 'GRIFFITH', 'sales'),
	(1087, 'HARPER', 'GROSS', 'sales'),
	(1089, 'HARRIS', 'GROSS', 'sales'),
	(1091, 'HARRISON', 'GUERRERO', 'sales'),
	(1093, 'HART', 'GUZMAN', 'sales'),
	(1095, 'HARVEY', 'HALE', 'sales'),
	(1097, 'HAWKINS', 'HAMMOND', 'sales'),
	(1099, 'HAYES', 'HAMPTON', 'sales'),
	(1101, 'HENDERSON', 'HANSON', 'sales'),
	(1103, 'HENRY', 'HANSON', 'sales'),
	(1105, 'HERNANDEZ', 'HARDY', 'sales'),
	(1107, 'HICKS', 'HARMON', 'sales'),
	(1109, 'HILL', 'HAYNES', 'sales'),
	(1111, 'HOLMES', 'HERRERA', 'sales'),
	(1113, 'HOWARD', 'HIGGINS', 'sales'),
	(1115, 'HOWELL', 'HINES', 'sales'),
	(1117, 'HUDSON', 'HODGES', 'sales'),
	(1119, 'HUGHES', 'HOFFMAN', 'sales'),
	(1121, 'HUNT', 'HOFFMAN', 'sales'),
	(1123, 'HUNTER', 'HOLLAND', 'sales'),
	(1125, 'JACKSON', 'HOLLAND', 'sales'),
	(1127, 'JAMES', 'HOLT', 'sales'),
	(1129, 'JENKINS', 'HOPKINS', 'sales'),
	(1131, 'JOHNSON', 'HORTON', 'sales'),
	(1133, 'JOHNSTON', 'HUBBARD', 'sales'),
	(1135, 'JONES', 'INGRAM', 'sales'),
	(1137, 'JORDAN', 'JACOBS', 'sales'),
	(1139, 'KELLEY', 'JENNINGS', 'sales'),
	(1141, 'KELLY', 'JENSEN', 'sales'),
	(1143, 'KENNEDY', 'JIMENEZ', 'sales'),
	(1145, 'KING', 'JOSEPH', 'sales'),
	(1147, 'KNIGHT', 'KELLER', 'sales'),
	(1149, 'LANE', 'KIM', 'sales'),
	(1151, 'LAWRENCE', 'LAMBERT', 'sales'),
	(1153, 'LAWSON', 'LARSON', 'sales'),
	(1155, 'LEE', 'LARSON', 'sales'),
	(1157, 'LEWIS', 'LEONARD', 'sales'),
	(1159, 'LITTLE', 'LINDSEY', 'sales'),
	(1161, 'LONG', 'LOVE', 'sales'),
	(1163, 'LOPEZ', 'LOWE', 'sales'),
	(1165, 'MARSHALL', 'LUCAS', 'sales'),
	(1167, 'MARTIN', 'LYNCH', 'sales'),
	(1169, 'MARTINEZ', 'LYONS', 'sales'),
	(1171, 'MASON', 'MACK', 'sales'),
	(1173, 'MATTHEWS', 'MALDONADO', 'sales'),
	(1175, 'MCCOY', 'MALONE', 'sales'),
	(1177, 'MCDONALD', 'MANN', 'sales'),
	(1179, 'MEYER', 'MANNING', 'sales'),
	(1181, 'MILLER', 'MAXWELL', 'sales'),
	(1183, 'MILLS', 'MAY', 'sales'),
	(1185, 'MITCHELL', 'MCBRIDE', 'sales'),
	(1187, 'MONTGOMERY', 'MCCARTHY', 'sales'),
	(1189, 'MOORE', 'MCDANIEL', 'sales'),
	(1191, 'MORALES', 'MCGEE', 'sales'),
	(1193, 'MORGAN', 'MCKINNEY', 'sales'),
	(1195, 'MORRIS', 'MEDINA', 'sales'),
	(1197, 'MORRISON', 'MEDINA', 'sales'),
	(1199, 'MURPHY', 'MENDEZ', 'sales'),
	(1201, 'MURRAY', 'MENDOZA', 'sales'),
	(1203, 'MYERS', 'MENDOZA', 'sales'),
	(1205, 'NELSON', 'MILES', 'sales'),
	(1207, 'NICHOLS', 'MOODY', 'sales'),
	(1209, 'OLIVER', 'MORENO', 'sales'),
	(1211, 'OLSON', 'MORENO', 'sales'),
	(1213, 'ORTIZ', 'MOSS', 'sales'),
	(1215, 'OWENS', 'MULLINS', 'sales'),
	(1217, 'PALMER', 'MUNOZ', 'sales'),
	(1219, 'PARKER', 'NEAL', 'sales'),
	(1221, 'PATTERSON', 'NEWMAN', 'sales'),
	(1223, 'PAYNE', 'NEWTON', 'sales'),
	(1225, 'PEREZ', 'NGUYEN', 'sales'),
	(1227, 'PERKINS', 'NORMAN', 'sales'),
	(1229, 'PERRY', 'NORRIS', 'sales'),
	(1231, 'PETERS', 'NUNEZ', 'sales'),
	(1233, 'PETERSON', 'OBRIEN', 'sales'),
	(1235, 'PHILLIPS', 'ORTEGA', 'sales'),
	(1237, 'PIERCE', 'OSBORNE', 'sales'),
	(1239, 'PORTER', 'PADILLA', 'sales'),
	(1241, 'POWELL', 'PAGE', 'sales'),
	(1243, 'PRICE', 'PARKS', 'sales'),
	(1245, 'RAMIREZ', 'PATTON', 'sales'),
	(1247, 'RAMOS', 'PAUL', 'sales'),
	(1249, 'RAY', 'PEARSON', 'sales'),
	(1251, 'REED', 'PEARSON', 'sales'),
	(1253, 'REYES', 'PENA', 'sales'),
	(1255, 'REYNOLDS', 'POPE', 'sales'),
	(1257, 'RICE', 'POTTER', 'sales'),
	(1259, 'RICHARDS', 'POWERS', 'sales'),
	(1261, 'RICHARDSON', 'QUINN', 'sales'),
	(1263, 'RILEY', 'RAMSEY', 'sales'),
	(1265, 'RIVERA', 'REESE', 'sales'),
	(1267, 'ROBERTS', 'REEVES', 'sales'),
	(1269, 'ROBERTSON', 'REID', 'sales'),
	(1271, 'ROBINSON', 'RHODES', 'sales'),
	(1273, 'RODRIGUEZ', 'RIOS', 'sales'),
	(1275, 'ROGERS', 'ROBBINS', 'sales'),
	(1277, 'ROSE', 'RODGERS', 'sales'),
	(1279, 'ROSS', 'RODRIQUEZ', 'sales'),
	(1281, 'RUIZ', 'ROMERO', 'sales'),
	(1283, 'RUSSELL', 'ROMERO', 'sales'),
	(1285, 'RYAN', 'ROWE', 'sales'),
	(1287, 'SANCHEZ', 'SALAZAR', 'sales'),
	(1289, 'SANDERS', 'SANDOVAL', 'sales'),
	(1291, 'SCHMIDT', 'SANTIAGO', 'sales'),
	(1293, 'SCOTT', 'SANTOS', 'sales'),
	(1295, 'SHAW', 'SAUNDERS', 'sales'),
	(1297, 'SIMMONS', 'SCHNEIDER', 'sales'),
	(1299, 'SIMPSON', 'SCHULTZ', 'sales'),
	(1301, 'SIMS', 'SCHWARTZ', 'sales'),
	(1303, 'SMITH', 'SHARP', 'sales'),
	(1305, 'SNYDER', 'SHELTON', 'sales'),
	(1307, 'SPENCER', 'SHERMAN', 'sales'),
	(1309, 'STANLEY', 'SILVA', 'sales'),
	(1311, 'STEPHENS', 'SILVA', 'sales'),
	(1313, 'STEVENS', 'SIMON', 'sales'),
	(1315, 'STEWART', 'SOTO', 'sales'),
	(1317, 'STONE', 'STEELE', 'sales'),
	(1319, 'SULLIVAN', 'STEVENSON', 'sales'),
	(1321, 'TAYLOR', 'STOKES', 'sales'),
	(1323, 'THOMAS', 'STOKES', 'sales'),
	(1325, 'THOMPSON', 'STRICKLAND', 'sales'),
	(1327, 'TORRES', 'SUTTON', 'sales'),
	(1329, 'TUCKER', 'SWANSON', 'sales'),
	(1331, 'TURNER', 'TATE', 'sales'),
	(1333, 'VASQUEZ', 'TERRY', 'sales'),
	(1335, 'WAGNER', 'THORNTON', 'sales'),
	(1337, 'WALKER', 'TODD', 'sales'),
	(1339, 'WALLACE', 'TOWNSEND', 'sales'),
	(1341, 'WARD', 'TYLER', 'sales'),
	(1343, 'WARREN', 'TYLER', 'sales'),
	(1345, 'WASHINGTON', 'VALDEZ', 'sales'),
	(1347, 'WATKINS', 'VARGAS', 'sales'),
	(1349, 'WATSON', 'VAUGHN', 'sales'),
	(1351, 'WEAVER', 'VEGA', 'sales'),
	(1353, 'WEBB', 'WADE', 'sales'),
	(1355, 'WELLS', 'WALSH', 'sales'),
	(1357, 'WEST', 'WALTERS', 'sales'),
	(1359, 'WHEELER', 'WALTON', 'sales'),
	(1361, 'WHEELER', 'WARNER', 'sales'),
	(1363, 'WHITE', 'WATERS', 'sales'),
	(1365, 'WILLIAMS', 'WATTS', 'sales'),
	(1367, 'WILLIAMSON', 'WEBER', 'sales'),
	(1369, 'WILLIS', 'WEBSTER', 'sales'),
	(1371, 'WILSON', 'WELCH', 'sales'),
	(1373, 'WOOD', 'WELCH', 'sales'),
	(1375, 'WOODS', 'WISE', 'sales'),
	(1377, 'WRIGHT', 'WOLFE', 'sales'),
	(1379, 'YOUNG', 'YATES', 'sales'),
	(1381, 'CHRISTENSEN', 'JOHNSON', 'engr'),
	(1383, 'KLEIN', 'WILLIAMS', 'engr'),
	(1385, 'PRATT', 'JONES', 'engr'),
	(1387, 'BRIGGS', 'BROWN', 'engr'),
	(1389, 'PARSONS', 'DAVIS', 'engr'),
	(1391, 'MCLAUGHLIN', 'MILLER', 'engr'),
	(1393, 'ZIMMERMAN', 'WILSON', 'engr'),
	(1395, 'FRENCH', 'MOORE', 'engr'),
	(1397, 'BUCHANAN', 'TAYLOR', 'engr'),
	(1399, 'MORAN', 'ANDERSON', 'engr'),
	(1401, 'COPELAND', 'THOMAS', 'engr'),
	(1403, 'ROY', 'JACKSON', 'engr'),
	(1405, 'PITTMAN', 'WHITE', 'engr'),
	(1407, 'BRADY', 'HARRIS', 'engr'),
	(1409, 'MCCORMICK', 'MARTIN', 'engr'),
	(1411, 'HOLLOWAY', 'THOMPSON', 'engr'),
	(1413, 'BROCK', 'GARCIA', 'engr'),
	(1415, 'POOLE', 'MARTINEZ', 'engr'),
	(1417, 'FRANK', 'ROBINSON', 'engr'),
	(1419, 'LOGAN', 'CLARK', 'engr'),
	(1421, 'OWEN', 'RODRIGUEZ', 'engr'),
	(1423, 'BASS', 'LEWIS', 'engr'),
	(1425, 'MARSH', 'LEE', 'engr'),
	(1427, 'DRAKE', 'WALKER', 'engr'),
	(1429, 'WONG', 'HALL', 'engr'),
	(1431, 'JEFFERSON', 'ALLEN', 'engr'),
	(1433, 'PARK', 'YOUNG', 'engr'),
	(1435, 'MORTON', 'HERNANDEZ', 'engr'),
	(1437, 'ABBOTT', 'KING', 'engr'),
	(1439, 'SPARKS', 'WRIGHT', 'engr'),
	(1441, 'PATRICK', 'LOPEZ', 'engr'),
	(1443, 'NORTON', 'HILL', 'engr'),
	(1445, 'HUFF', 'SCOTT', 'engr'),
	(1447, 'CLAYTON', 'GREEN', 'engr'),
	(1449, 'MASSEY', 'ADAMS', 'engr'),
	(1451, 'LLOYD', 'BAKER', 'engr'),
	(1453, 'FIGUEROA', 'GONZALEZ', 'engr'),
	(1455, 'CARSON', 'NELSON', 'engr'),
	(1457, 'BOWERS', 'CARTER', 'engr'),
	(1459, 'ROBERSON', 'MITCHELL', 'engr'),
	(1461, 'BARTON', 'PEREZ', 'engr'),
	(1463, 'TRAN', 'ROBERTS', 'engr'),
	(1465, 'LAMB', 'TURNER', 'engr'),
	(1467, 'HARRINGTON', 'PHILLIPS', 'engr'),
	(1469, 'CASEY', 'CAMPBELL', 'engr'),
	(1471, 'BOONE', 'PARKER', 'engr'),
	(1473, 'CORTEZ', 'EVANS', 'engr'),
	(1475, 'CLARKE', 'EDWARDS', 'engr'),
	(1477, 'MATHIS', 'COLLINS', 'engr'),
	(1479, 'SINGLETON', 'STEWART', 'engr'),
	(1481, 'WILKINS', 'SANCHEZ', 'engr'),
	(1483, 'CAIN', 'MORRIS', 'engr'),
	(1485, 'BRYAN', 'ROGERS', 'engr'),
	(1487, 'UNDERWOOD', 'REED', 'engr'),
	(1489, 'HOGAN', 'COOK', 'engr'),
	(1491, 'MCKENZIE', 'MORGAN', 'engr'),
	(1493, 'COLLIER', 'BELL', 'engr'),
	(1495, 'LUNA', 'MURPHY', 'engr'),
	(1497, 'PHELPS', 'BAILEY', 'engr'),
	(1499, 'MCGUIRE', 'RIVERA', 'engr'),
	(1501, 'ALLISON', 'COOPER', 'engr'),
	(1503, 'BRIDGES', 'RICHARDSON', 'engr'),
	(1505, 'WILKERSON', 'COX', 'engr'),
	(1507, 'NASH', 'HOWARD', 'engr'),
	(1509, 'SUMMERS', 'WARD', 'engr'),
	(1511, 'ATKINS', 'TORRES', 'engr'),
	(1513, 'WILCOX', 'PETERSON', 'engr'),
	(1515, 'PITTS', 'GRAY', 'engr'),
	(1517, 'CONLEY', 'RAMIREZ', 'engr'),
	(1519, 'MARQUEZ', 'JAMES', 'engr'),
	(1521, 'BURNETT', 'WATSON', 'engr'),
	(1523, 'RICHARD', 'BROOKS', 'engr'),
	(1525, 'COCHRAN', 'KELLY', 'engr'),
	(1527, 'CHASE', 'SANDERS', 'engr'),
	(1529, 'DAVENPORT', 'PRICE', 'engr'),
	(1531, 'HOOD', 'BENNETT', 'engr'),
	(1533, 'GATES', 'WOOD', 'engr'),
	(1535, 'CLAY', 'BARNES', 'engr'),
	(1537, 'AYALA', 'ROSS', 'engr'),
	(1539, 'SAWYER', 'HENDERSON', 'engr'),
	(1541, 'ROMAN', 'COLEMAN', 'engr'),
	(1543, 'VAZQUEZ', 'JENKINS', 'engr'),
	(1545, 'DICKERSON', 'PERRY', 'engr'),
	(1547, 'HODGE', 'POWELL', 'engr'),
	(1549, 'ACOSTA', 'LONG', 'engr'),
	(1551, 'FLYNN', 'PATTERSON', 'engr'),
	(1553, 'ESPINOZA', 'HUGHES', 'engr'),
	(1555, 'NICHOLSON', 'FLORES', 'engr'),
	(1557, 'MONROE', 'WASHINGTON', 'engr'),
	(1559, 'WOLF', 'BUTLER', 'engr'),
	(1561, 'MORROW', 'SIMMONS', 'engr'),
	(1563, 'KIRK', 'FOSTER', 'engr'),
	(1565, 'RANDALL', 'GONZALES', 'engr'),
	(1567, 'ANTHONY', 'BRYANT', 'engr'),
	(1569, 'WHITAKER', 'ALEXANDER', 'engr'),
	(1571, 'OCONNOR', 'RUSSELL', 'engr'),
	(1573, 'SKINNER', 'GRIFFIN', 'engr'),
	(1575, 'WARE', 'DIAZ', 'engr'),
	(1577, 'MOLINA', 'HAYES', 'engr'),
	(1579, 'KIRBY', 'MYERS', 'engr'),
	(1581, 'HUFFMAN', 'FORD', 'engr'),
	(1583, 'BRADFORD', 'HAMILTON', 'engr'),
	(1585, 'CHARLES', 'GRAHAM', 'engr'),
	(1587, 'GILMORE', 'SULLIVAN', 'engr'),
	(1589, 'DOMINGUEZ', 'WALLACE', 'engr'),
	(1591, 'ONEAL', 'WOODS', 'engr'),
	(1593, 'BRUCE', 'COLE', 'engr'),
	(1595, 'LANG', 'WEST', 'engr'),
	(1597, 'COMBS', 'JORDAN', 'engr'),
	(1599, 'KRAMER', 'OWENS', 'engr'),
	(1601, 'HEATH', 'REYNOLDS', 'engr'),
	(1603, 'HANCOCK', 'FISHER', 'engr'),
	(1605, 'GALLAGHER', 'ELLIS', 'engr'),
	(1607, 'GAINES', 'HARRISON', 'engr'),
	(1609, 'SHAFFER', 'GIBSON', 'engr'),
	(1611, 'SHORT', 'MCDONALD', 'engr'),
	(1613, 'WIGGINS', 'CRUZ', 'engr'),
	(1615, 'MATHEWS', 'MARSHALL', 'engr'),
	(1617, 'MCCLAIN', 'ORTIZ', 'engr'),
	(1619, 'FISCHER', 'GOMEZ', 'engr'),
	(1621, 'WALL', 'MURRAY', 'engr'),
	(1623, 'SMALL', 'FREEMAN', 'engr'),
	(1625, 'MELTON', 'WELLS', 'engr'),
	(1627, 'HENSLEY', 'WEBB', 'engr'),
	(1629, 'BOND', 'SIMPSON', 'engr'),
	(1631, 'DYER', 'STEVENS', 'engr'),
	(1633, 'CAMERON', 'TUCKER', 'engr'),
	(1635, 'GRIMES', 'PORTER', 'engr'),
	(1637, 'CONTRERAS', 'HUNTER', 'engr'),
	(1639, 'CHRISTIAN', 'HICKS', 'engr'),
	(1641, 'WYATT', 'CRAWFORD', 'engr'),
	(1643, 'BAXTER', 'HENRY', 'engr'),
	(1645, 'SNOW', 'BOYD', 'engr'),
	(1647, 'MOSLEY', 'MASON', 'engr'),
	(1649, 'SHEPHERD', 'MORALES', 'engr'),
	(1651, 'LARSEN', 'KENNEDY', 'engr'),
	(1653, 'HOOVER', 'WARREN', 'engr'),
	(1655, 'BEASLEY', 'DIXON', 'engr'),
	(1657, 'GLENN', 'RAMOS', 'engr'),
	(1659, 'PETERSEN', 'REYES', 'engr'),
	(1661, 'WHITEHEAD', 'BURNS', 'engr'),
	(1663, 'MEYERS', 'GORDON', 'engr'),
	(1665, 'KEITH', 'SHAW', 'engr'),
	(1667, 'GARRISON', 'HOLMES', 'engr'),
	(1669, 'VINCENT', 'RICE', 'engr'),
	(1671, 'SHIELDS', 'ROBERTSON', 'engr'),
	(1673, 'HORN', 'HUNT', 'engr'),
	(1675, 'SAVAGE', 'BLACK', 'engr'),
	(1677, 'OLSEN', 'DANIELS', 'engr'),
	(1679, 'SCHROEDER', 'PALMER', 'engr'),
	(1681, 'HARTMAN', 'MILLS', 'engr'),
	(1683, 'WOODARD', 'NICHOLS', 'engr'),
	(1685, 'MUELLER', 'GRANT', 'engr'),
	(1687, 'KEMP', 'KNIGHT', 'engr'),
	(1689, 'DELEON', 'FERGUSON', 'engr'),
	(1691, 'BOOTH', 'ROSE', 'engr'),
	(1693, 'PATEL', 'STONE', 'engr'),
	(1695, 'CALHOUN', 'HAWKINS', 'engr'),
	(1697, 'WILEY', 'DUNN', 'engr'),
	(1699, 'EATON', 'PERKINS', 'engr'),
	(1701, 'CLINE', 'HUDSON', 'engr'),
	(1703, 'NAVARRO', 'SPENCER', 'engr'),
	(1705, 'HARRELL', 'GARDNER', 'engr'),
	(1707, 'LESTER', 'STEPHENS', 'engr'),
	(1709, 'HUMPHREY', 'PAYNE', 'engr'),
	(1711, 'PARRISH', 'PIERCE', 'engr'),
	(1713, 'DURAN', 'BERRY', 'engr'),
	(1715, 'HUTCHINSON', 'MATTHEWS', 'engr'),
	(1717, 'HESS', 'ARNOLD', 'engr'),
	(1719, 'DORSEY', 'WAGNER', 'engr'),
	(1721, 'BULLOCK', 'WILLIS', 'engr'),
	(1723, 'ROBLES', 'RAY', 'engr'),
	(1725, 'BEARD', 'WATKINS', 'engr'),
	(1727, 'DALTON', 'OLSON', 'engr'),
	(1729, 'AVILA', 'CARROLL', 'engr'),
	(1731, 'VANCE', 'DUNCAN', 'engr'),
	(1733, 'RICH', 'SNYDER', 'engr'),
	(1735, 'BLACKWELL', 'HART', 'engr'),
	(1737, 'YORK', 'CUNNINGHAM', 'engr'),
	(1739, 'JOHNS', 'BRADLEY', 'engr'),
	(1741, 'BLANKENSHIP', 'LANE', 'engr'),
	(1743, 'TREVINO', 'ANDREWS', 'engr'),
	(1745, 'SALINAS', 'RUIZ', 'engr'),
	(1747, 'CAMPOS', 'HARPER', 'engr'),
	(1749, 'PRUITT', 'FOX', 'engr'),
	(1751, 'MOSES', 'RILEY', 'engr'),
	(1753, 'CALLAHAN', 'ARMSTRONG', 'engr'),
	(1755, 'GOLDEN', 'CARPENTER', 'engr'),
	(1757, 'MONTOYA', 'WEAVER', 'engr'),
	(1759, 'HARDIN', 'GREENE', 'engr'),
	(1761, 'GUERRA', 'LAWRENCE', 'engr'),
	(1763, 'MCDOWELL', 'ELLIOTT', 'engr'),
	(1765, 'CAREY', 'CHAVEZ', 'engr'),
	(1767, 'STAFFORD', 'SIMS', 'engr'),
	(1769, 'GALLEGOS', 'AUSTIN', 'engr'),
	(1771, 'HENSON', 'PETERS', 'engr'),
	(1773, 'WILKINSON', 'KELLEY', 'engr'),
	(1775, 'BOOKER', 'FRANKLIN', 'engr'),
	(1777, 'MERRITT', 'LAWSON', 'engr'),
	(1779, 'MIRANDA', 'FIELDS', 'engr'),
	(1781, 'ATKINSON', 'GUTIERREZ', 'engr'),
	(1783, 'ORR', 'RYAN', 'engr'),
	(1785, 'DECKER', 'SCHMIDT', 'engr'),
	(1787, 'HOBBS', 'CARR', 'engr'),
	(1789, 'PRESTON', 'VASQUEZ', 'engr'),
	(1791, 'TANNER', 'CASTILLO', 'engr'),
	(1793, 'KNOX', 'WHEELER', 'engr'),
	(1795, 'PACHECO', 'CHAPMAN', 'engr'),
	(1797, 'STEPHENSON', 'OLIVER', 'engr'),
	(1799, 'GLASS', 'MONTGOMERY', 'engr'),
	(1801, 'ROJAS', 'RICHARDS', 'engr'),
	(1803, 'SERRANO', 'WILLIAMSON', 'engr'),
	(1805, 'MARKS', 'JOHNSTON', 'engr'),
	(1807, 'HICKMAN', 'BANKS', 'engr'),
	(1809, 'ENGLISH', 'MEYER', 'engr'),
	(1811, 'SWEENEY', 'BISHOP', 'engr'),
	(1813, 'STRONG', 'MCCOY', 'engr'),
	(1815, 'PRINCE', 'HOWELL', 'engr'),
	(1817, 'MCCLURE', 'ALVAREZ', 'engr'),
	(1819, 'CONWAY', 'MORRISON', 'engr'),
	(1821, 'WALTER', 'HANSEN', 'engr'),
	(1823, 'ROTH', 'FERNANDEZ', 'engr'),
	(1825, 'MAYNARD', 'GARZA', 'engr'),
	(1827, 'FARRELL', 'HARVEY', 'engr'),
	(1829, 'LOWERY', 'LITTLE', 'engr'),
	(1831, 'HURST', 'BURTON', 'engr'),
	(1833, 'NIXON', 'STANLEY', 'engr'),
	(1835, 'WEISS', 'NGUYEN', 'engr'),
	(1837, 'TRUJILLO', 'GEORGE', 'engr'),
	(1839, 'ELLISON', 'JACOBS', 'engr'),
	(1841, 'SLOAN', 'REID', 'engr'),
	(1843, 'JUAREZ', 'KIM', 'engr'),
	(1845, 'WINTERS', 'FULLER', 'engr'),
	(1847, 'MCLEAN', 'LYNCH', 'engr'),
	(1849, 'RANDOLPH', 'DEAN', 'engr'),
	(1851, 'LEON', 'GILBERT', 'engr'),
	(1853, 'BOYER', 'GARRETT', 'engr'),
	(1855, 'VILLARREAL', 'ROMERO', 'engr'),
	(1857, 'MCCALL', 'WELCH', 'engr'),
	(1859, 'GENTRY', 'LARSON', 'engr'),
	(1861, 'CARRILLO', 'FRAZIER', 'engr'),
	(1863, 'KENT', 'BURKE', 'engr'),
	(1865, 'AYERS', 'HANSON', 'engr'),
	(1867, 'LARA', 'DAY', 'engr'),
	(1869, 'SHANNON', 'MENDOZA', 'engr'),
	(1871, 'SEXTON', 'MORENO', 'engr'),
	(1873, 'PACE', 'BOWMAN', 'engr'),
	(1875, 'HULL', 'MEDINA', 'engr'),
	(1877, 'LEBLANC', 'FOWLER', 'engr'),
	(1879, 'BROWNING', 'BREWER', 'engr'),
	(1881, 'VELASQUEZ', 'HOFFMAN', 'engr'),
	(1883, 'LEACH', 'CARLSON', 'engr'),
	(1885, 'CHANG', 'SILVA', 'engr'),
	(1887, 'HOUSE', 'PEARSON', 'engr'),
	(1889, 'SELLERS', 'HOLLAND', 'engr'),
	(1891, 'HERRING', 'DOUGLAS', 'engr'),
	(1893, 'NOBLE', 'FLEMING', 'engr'),
	(1895, 'FOLEY', 'JENSEN', 'engr'),
	(1897, 'BARTLETT', 'VARGAS', 'engr'),
	(1899, 'MERCADO', 'BYRD', 'engr'),
	(1901, 'LANDRY', 'DAVIDSON', 'engr'),
	(1903, 'DURHAM', 'HOPKINS', 'engr'),
	(1905, 'WALLS', 'MAY', 'engr'),
	(1907, 'BARR', 'TERRY', 'engr'),
	(1909, 'MCKEE', 'HERRERA', 'engr'),
	(1911, 'BAUER', 'WADE', 'engr'),
	(1913, 'RIVERS', 'SOTO', 'engr'),
	(1915, 'EVERETT', 'WALTERS', 'engr'),
	(1917, 'BRADSHAW', 'CURTIS', 'engr'),
	(1919, 'PUGH', 'NEAL', 'engr'),
	(1921, 'VELEZ', 'CALDWELL', 'engr'),
	(1923, 'RUSH', 'LOWE', 'engr'),
	(1925, 'ESTES', 'JENNINGS', 'engr'),
	(1927, 'DODSON', 'BARNETT', 'engr'),
	(1929, 'MORSE', 'GRAVES', 'engr'),
	(1931, 'SHEPPARD', 'JIMENEZ', 'engr'),
	(1933, 'WEEKS', 'HORTON', 'engr'),
	(1935, 'CAMACHO', 'SHELTON', 'engr'),
	(1937, 'BEAN', 'BARRETT', 'engr'),
	(1939, 'BARRON', 'OBRIEN', 'engr'),
	(1941, 'LIVINGSTON', 'CASTRO', 'engr'),
	(1943, 'MIDDLETON', 'SUTTON', 'engr'),
	(1945, 'SPEARS', 'GREGORY', 'engr'),
	(1947, 'BRANCH', 'MCKINNEY', 'engr'),
	(1949, 'BLEVINS', 'LUCAS', 'engr'),
	(1951, 'CHEN', 'MILES', 'engr'),
	(1953, 'KERR', 'CRAIG', 'engr'),
	(1955, 'MCCONNELL', 'RODRIQUEZ', 'engr'),
	(1957, 'PHELPS', 'CHAMBERS', 'engr'),
	(1959, 'MCGUIRE', 'HOLT', 'engr'),
	(1961, 'ALLISON', 'LAMBERT', 'engr'),
	(1963, 'BRIDGES', 'FLETCHER', 'engr'),
	(1965, 'WILKERSON', 'WATTS', 'engr'),
	(1967, 'NASH', 'BATES', 'engr'),
	(1969, 'DODSON', 'HALE', 'engr'),
	(1971, 'MORSE', 'RHODES', 'engr'),
	(1973, 'SHEPPARD', 'PENA', 'engr'),
	(1975, 'WEEKS', 'BECK', 'engr'),
	(1977, 'CAMACHO', 'NEWMAN', 'engr'),
	(1979, 'HOUSTON', 'ADAMS', 'sales'),
	(1981, 'CHRISTENSEN', 'ALEXANDER', 'sales'),
	(1983, 'KLEIN', 'ALLEN', 'sales'),
	(1985, 'PRATT', 'ALVAREZ', 'sales'),
	(1987, 'BRIGGS', 'ANDERSON', 'sales'),
	(1989, 'PARSONS', 'ANDREWS', 'sales'),
	(1991, 'MCLAUGHLIN', 'ARMSTRONG', 'sales'),
	(1993, 'ZIMMERMAN', 'ARNOLD', 'sales'),
	(1995, 'FRENCH', 'AUSTIN', 'sales'),
	(1997, 'BUCHANAN', 'BAILEY', 'sales'),
	(1999, 'MORAN', 'BAKER', 'sales');
